InternalId;Name;CityInternalId;CargoSlots
aaa.cagliari;aaa;cagliari;2
aaa.pescara;aaa;pescara;2
aaa.roma;aaa;roma;2
aaa.taranto;aaa;taranto;2
acc.catania;acc;catania;5
acc.taranto;acc;taranto;5
acc.terni;acc;terni;5
aci.bari;aci;bari;3
aci.bologna;aci;bologna;3
aci.cagliari;aci;cagliari;3
aci.catanzaro;aci;catanzaro;3
aci.genova;aci;genova;3
aci.milano;aci;milano;3
aci.roma;aci;roma;3
aerobalt.helsinki;aerobalt;helsinki;3
aerobalt.kaunas;aerobalt;kaunas;3
aerobalt.riga;aerobalt;riga;3
aerobalt.tallinn;aerobalt;tallinn;3
aerobalt.turku;aerobalt;turku;3
aerobalt.vilnius;aerobalt;vilnius;3
aerobalt_ru.petersburg;aerobalt_ru;petersburg;3
agrominta.utena;agrominta;utena;1
agrominta_a.utena;agrominta_a;utena;4
agronord.esbjerg;agronord;esbjerg;3
agronord.goteborg;agronord;goteborg;3
agronord.kalmar;agronord;kalmar;3
agronord.kristiansand;agronord;kristiansand;3
aria_fd_albg.aalborg;aria_fd_albg;aalborg;4
aria_fd_esbj.esbjerg;aria_fd_esbj;esbjerg;4
aria_fd_jnpg.jonkoping;aria_fd_jnpg;jonkoping;4
aria_fd_trbg.trelleborg;aria_fd_trbg;trelleborg;4
ateria.helsinki;ateria;helsinki;2
ateria.lahti;ateria;lahti;2
ateria.tallinn;ateria;tallinn;2
baltomors_ru.luga;baltomors_ru;luga;3
baltomors_ru.petersburg;baltomors_ru;petersburg;3
baltomors_ru.pskov;baltomors_ru;pskov;3
baltomors_ru.vyborg;baltomors_ru;vyborg;3
baltomorsk.daugavpils;baltomorsk;daugavpils;3
baltomorsk.kaunas;baltomorsk;kaunas;3
baltomorsk.klaipeda;baltomorsk;klaipeda;3
baltomorsk.rezekne;baltomorsk;rezekne;3
baltomorsk.valmiera;baltomorsk;valmiera;3
baltomorsk.ventspils;baltomorsk;ventspils;3
batisse_base.clermont;batisse_base;clermont;2
batisse_base.rennes;batisse_base;rennes;2
batisse_hs.montpellier;batisse_hs;montpellier;2
batisse_hs.paris;batisse_hs;paris;2
batisse_road.bordeaux;batisse_road;bordeaux;3
batisse_road.lemans;batisse_road;lemans;3
batisse_wind.brest;batisse_wind;brest;3
batisse_wind.larochelle;batisse_wind;larochelle;3
batisse_wind.montpellier;batisse_wind;montpellier;3
bcp.berlin;bcp;berlin;1
bcp.birmingham;bcp;birmingham;1
bcp.bratislava;bcp;bratislava;1
bcp.gdansk;bcp;gdansk;1
bcp.kassel;bcp;kassel;1
bcp.kosice;bcp;kosice;1
bcp.munchen;bcp;munchen;1
bcp.pecs;bcp;pecs;1
bcp.stuttgart;bcp;stuttgart;1
bcp.verona;bcp;verona;1
bhb_raffin.lehavre;bhb_raffin;lehavre;2
bhb_raffin.marseille;bhb_raffin;marseille;2
bhv.bordeaux;bhv;bordeaux;2
bhv.goteborg;bhv;goteborg;1
bhv.helsingborg;bhv;helsingborg;1
bhv.jonkoping;bhv;jonkoping;1
bhv.kaunas;bhv;kaunas;2
bhv.kobenhavn;bhv;kobenhavn;1
bhv.kristiansand;bhv;kristiansand;1
bhv.lahti;bhv;lahti;2
bhv.lemans;bhv;lemans;2
bhv.limoges;bhv;limoges;2
bhv.linkoping;bhv;linkoping;1
bhv.montpellier;bhv;montpellier;2
bhv.nantes;bhv;nantes;2
bhv.nice;bhv;nice;2
bhv.odense;bhv;odense;1
bhv.orebro;bhv;orebro;1
bhv.panevezys;bhv;panevezys;2
bhv.paris;bhv;paris;2
bhv.parnu;bhv;parnu;2
bhv.siauliai;bhv;siauliai;2
bhv.stockholm;bhv;stockholm;1
bhv.toulouse;bhv;toulouse;2
bhv.vaxjo;bhv;vaxjo;1
bhv.vilnius;bhv;vilnius;2
bjork.kristiansand;bjork;kristiansand;3
bjork.vaxjo;bjork;vaxjo;3
blt.kaunas;blt;kaunas;5
blt.kunda;blt;kunda;5
blt.paldiski;blt;paldiski;5
blt.siauliai;blt;siauliai;5
blt.tartu;blt;tartu;5
blt.utena;blt;utena;5
blt_ru.petersburg;blt_ru;petersburg;5
blt_ru.pskov;blt_ru;pskov;5
blt_yacht.riga;blt_yacht;riga;2
blt_yacht.tallinn;blt_yacht;tallinn;2
blt_yacht.turku;blt_yacht;turku;2
blt_yacht_ru.petersburg;blt_yacht_ru;petersburg;2
bltmetal.liepaja;bltmetal;liepaja;5
bltmetal.pori;bltmetal;pori;5
bltmetal.siauliai;bltmetal;siauliai;5
bltmetal.tallinn;bltmetal;tallinn;5
bltmetal_ru.pskov;bltmetal_ru;pskov;5
boisserie.lemans;boisserie;lemans;3
boisserie.limoges;boisserie;limoges;3
boisserie.marseille;boisserie;marseille;3
c_navale.ancona;c_navale;ancona;2
c_navale.messina;c_navale;messina;2
c_navale.olbia;c_navale;olbia;2
cargotras.catanzaro;cargotras;catanzaro;6
cargotras.livorno;cargotras;livorno;6
cargotras.milano;cargotras;milano;6
cargotras.olbia;cargotras;olbia;6
cargotras.palermo;cargotras;palermo;6
cargotras.pescara;cargotras;pescara;6
cargotras.sassari;cargotras;sassari;6
cemelt_bas.kaunas;cemelt_bas;kaunas;2
cemelt_fl_ru.kaliningrad;cemelt_fl_ru;kaliningrad;2
cemelt_fla.valmiera;cemelt_fla;valmiera;2
cemelt_hal.panevezys;cemelt_hal;panevezys;2
cemelt_win.klaipeda;cemelt_win;klaipeda;2
cemelt_win.liepaja;cemelt_win;liepaja;2
cemelt_win.paldiski;cemelt_win;paldiski;2
cesare_smar.milano;cesare_smar;milano;3
cesare_smar.palermo;cesare_smar;palermo;3
cesare_smar.pescara;cesare_smar;pescara;3
cesare_smar.sassari;cesare_smar;sassari;3
chimi.larochelle;chimi;larochelle;2
chimi.montpellier;chimi;montpellier;2
cnp.ancona;cnp;ancona;4
cnp.catania;cnp;catania;4
cnp.livorno;cnp;livorno;4
cnp.napoli;cnp;napoli;4
cnp.taranto;cnp;taranto;4
comoto.suzzara;comoto;suzzara;6
cont_port.esbjerg;cont_port;esbjerg;2
cont_port.helsinki;cont_port;helsinki;3
cont_port.klaipeda;cont_port;klaipeda;3
cont_port.kotka;cont_port;kotka;3
cont_port.oslo;cont_port;oslo;2
cont_port.pori;cont_port;pori;3
cont_port.tallinn;cont_port;tallinn;3
cont_port_fr.lehavre;cont_port_fr;lehavre;2
cont_port_fr.marseille;cont_port_fr;marseille;2
cont_port_it.ancona;cont_port_it;ancona;3
cont_port_it.bari;cont_port_it;bari;3
cont_port_it.genova;cont_port_it;genova;3
cont_port_it.livorno;cont_port_it;livorno;3
cont_port_it.napoli;cont_port_it;napoli;3
cont_port_ru.petersburg;cont_port_ru;petersburg;3
costruzi_bas.firenze;costruzi_bas;firenze;2
costruzi_fla.catanzaro;costruzi_fla;catanzaro;2
costruzi_hal.genova;costruzi_hal;genova;2
costruzi_hal.sassari;costruzi_hal;sassari;2
costruzi_win.cagliari;costruzi_win;cagliari;2
costruzi_win.palermo;costruzi_win;palermo;2
costruzi_win.pescara;costruzi_win;pescara;2
costruzi_win.taranto;costruzi_win;taranto;2
dans_jardin.bordeaux;dans_jardin;bordeaux;5
dans_jardin.bourges;dans_jardin;bourges;5
dans_jardin.lemans;dans_jardin;lemans;5
dans_jardin.marseille;dans_jardin;marseille;5
dans_jardin.montpellier;dans_jardin;montpellier;5
dans_jardin.nantes;dans_jardin;nantes;5
domdepo.utena;domdepo;utena;4
domdepo.valmiera;domdepo;valmiera;4
domdepo_ru.luga;domdepo_ru;luga;4
domdepo_ru.vyborg;domdepo_ru;vyborg;4
drekkar.bergen;drekkar;bergen;5
drekkar.karlskrona;drekkar;karlskrona;5
drekkar.linkoping;drekkar;linkoping;5
drekkar.malmo;drekkar;malmo;5
drekkar.odense;drekkar;odense;5
drekkar.uppsala;drekkar;uppsala;5
drekkar.vaxjo;drekkar;vaxjo;5
eco.bordeaux;eco;bordeaux;0
eco.lehavre;eco;lehavre;0
eco.lemans;eco;lemans;0
eco.limoges;eco;limoges;0
eco.marseille;eco;marseille;0
eco.montpellier;eco;montpellier;0
eco.nantes;eco;nantes;0
ee_paper.kunda;ee_paper;kunda;4
egres.helsinki;egres;helsinki;1
egres.kouvola;egres;kouvola;1
eolo_lines.cagliari;eolo_lines;cagliari;4
eolo_lines.messina;eolo_lines;messina;4
eolo_lines.napoli;eolo_lines;napoli;4
eolo_lines.palermo;eolo_lines;palermo;4
eolo_lines.sangiovanni;eolo_lines;sangiovanni;4
eolo_lines.sassari;eolo_lines;sassari;4
euroacres.berlin;euroacres;berlin;2
euroacres.bern;euroacres;bern;2
euroacres.bialystok;euroacres;bialystok;2
euroacres.bremen;euroacres;bremen;2
euroacres.brno;euroacres;brno;2
euroacres.brussel;euroacres;brussel;2
euroacres.cambridge;euroacres;cambridge;2
euroacres.carlisle;euroacres;carlisle;2
euroacres.debrecen;euroacres;debrecen;2
euroacres.dijon;euroacres;dijon;2
euroacres.dover;euroacres;dover;2
euroacres.dresden;euroacres;dresden;2
euroacres.erfurt;euroacres;erfurt;2
euroacres.gdansk;euroacres;gdansk;2
euroacres.groningen;euroacres;groningen;2
euroacres.krakow;euroacres;krakow;2
euroacres.liverpool;euroacres;liverpool;2
euroacres.magdeburg;euroacres;magdeburg;2
euroacres.nurnberg;euroacres;nurnberg;2
euroacres.osnabruck;euroacres;osnabruck;2
euroacres.pecs;euroacres;pecs;2
euroacres.plymouth;euroacres;plymouth;2
euroacres.reims;euroacres;reims;2
euroacres.salzburg;euroacres;salzburg;2
euroacres.swansea;euroacres;swansea;2
euroacres.szeged;euroacres;szeged;2
euroacres.torino;euroacres;torino;2
euroacres.verona;euroacres;verona;2
euroacres.wien;euroacres;wien;2
euroacres.wroclaw;euroacres;wroclaw;2
eurogoodies.berlin;eurogoodies;berlin;2
eurogoodies.bern;eurogoodies;bern;2
eurogoodies.bremen;eurogoodies;bremen;2
eurogoodies.bystrica;eurogoodies;bystrica;2
eurogoodies.cardiff;eurogoodies;cardiff;2
eurogoodies.debrecen;eurogoodies;debrecen;2
eurogoodies.dijon;eurogoodies;dijon;2
eurogoodies.dover;eurogoodies;dover;2
eurogoodies.dusseldorf;eurogoodies;dusseldorf;2
eurogoodies.edinburgh;eurogoodies;edinburgh;2
eurogoodies.erfurt;eurogoodies;erfurt;2
eurogoodies.glasgow;eurogoodies;glasgow;2
eurogoodies.grimsby;eurogoodies;grimsby;2
eurogoodies.groningen;eurogoodies;groningen;2
eurogoodies.innsbruck;eurogoodies;innsbruck;2
eurogoodies.kiel;eurogoodies;kiel;2
eurogoodies.klagenfurt;eurogoodies;klagenfurt;2
eurogoodies.leipzig;eurogoodies;leipzig;2
eurogoodies.liege;eurogoodies;liege;2
eurogoodies.lille;eurogoodies;lille;2
eurogoodies.liverpool;eurogoodies;liverpool;2
eurogoodies.lodz;eurogoodies;lodz;2
eurogoodies.lublin;eurogoodies;lublin;2
eurogoodies.magdeburg;eurogoodies;magdeburg;2
eurogoodies.mannheim;eurogoodies;mannheim;2
eurogoodies.metz;eurogoodies;metz;2
eurogoodies.munchen;eurogoodies;munchen;2
eurogoodies.newcastle;eurogoodies;newcastle;2
eurogoodies.olsztyn;eurogoodies;olsztyn;2
eurogoodies.osnabruck;eurogoodies;osnabruck;2
eurogoodies.plymouth;eurogoodies;plymouth;2
eurogoodies.prague;eurogoodies;prague;2
eurogoodies.reims;eurogoodies;reims;2
eurogoodies.salzburg;eurogoodies;salzburg;2
eurogoodies.szczecin;eurogoodies;szczecin;2
eurogoodies.venezia;eurogoodies;venezia;2
eurogoodies.wien;eurogoodies;wien;2
eurogoodies.wroclaw;eurogoodies;wroclaw;2
eviksi.daugavpils;eviksi;daugavpils;1
eviksi.liepaja;eviksi;liepaja;1
eviksi.riga;eviksi;riga;1
eviksi_a.liepaja;eviksi_a;liepaja;4
eviksi_a.valmiera;eviksi_a;valmiera;4
eviksi_a.ventspils;eviksi_a;ventspils;4
exomar.ancona;exomar;ancona;11
exomar.bologna;exomar;bologna;11
exomar.olbia;exomar;olbia;11
exomar.roma;exomar;roma;11
exomar.taranto;exomar;taranto;11
fattoria_f.napoli;fattoria_f;napoli;4
fattoria_f.roma;fattoria_f;roma;4
fcp.bremen;fcp;bremen;1
fcp.brussel;fcp;brussel;1
fcp.dusseldorf;fcp;dusseldorf;1
fcp.graz;fcp;graz;1
fcp.leipzig;fcp;leipzig;1
fcp.manchester;fcp;manchester;1
fcp.milano;fcp;milano;0
fcp.olsztyn;fcp;olsztyn;1
fcp.poznan;fcp;poznan;1
fcp.torino;fcp;torino;1
fintyre.tampere;fintyre;tampere;4
fintyre_ru.petersburg;fintyre_ru;petersburg;4
fle.brest;fle;brest;3
fle.clermont;fle;clermont;3
fle.montpellier;fle;montpellier;3
fle.nantes;fle;nantes;3
fle.paris;fle;paris;3
fle.toulouse;fle;toulouse;3
fui.catania;fui;catania;3
fui.catanzaro;fui;catanzaro;3
fui.firenze;fui;firenze;3
fui.olbia;fui;olbia;3
fui.roma;fui;roma;3
gallia_ferry.roscoff;gallia_ferry;roscoff;4
globeur.bordeaux;globeur;bordeaux;5
globeur.bourges;globeur;bourges;5
globeur.lehavre;globeur;lehavre;5
globeur.montpellier;globeur;montpellier;5
globeur.rennes;globeur;rennes;5
gnt.bergen;gnt;bergen;3
gnt.daugavpils;gnt;daugavpils;4
gnt.helsingborg;gnt;helsingborg;3
gnt.jonkoping;gnt;jonkoping;3
gnt.kalmar;gnt;kalmar;3
gnt.klaipeda;gnt;klaipeda;4
gnt.kristiansand;gnt;kristiansand;3
gnt.panevezys;gnt;panevezys;4
gnt.uppsala;gnt;uppsala;3
gnt.valmiera;gnt;valmiera;4
gnt.ventspils;gnt;ventspils;4
gnt.vilnius;gnt;vilnius;4
gomme_monde.bourges;gomme_monde;bourges;4
gomme_monde.clermont;gomme_monde;clermont;4
huilant.bordeaux;huilant;bordeaux;2
huilant.larochelle;huilant;larochelle;2
ibp.helsinki;ibp;helsinki;4
ibp.mazeikiai;ibp;mazeikiai;4
ibp.naantali;ibp;naantali;4
ika_bohag.aalborg;ika_bohag;aalborg;4
ika_bohag.ancona;ika_bohag;ancona;4
ika_bohag.bologna;ika_bohag;bologna;4
ika_bohag.bordeaux;ika_bohag;bordeaux;4
ika_bohag.brest;ika_bohag;brest;4
ika_bohag.catania;ika_bohag;catania;4
ika_bohag.clermont;ika_bohag;clermont;4
ika_bohag.firenze;ika_bohag;firenze;4
ika_bohag.helsinki;ika_bohag;helsinki;4
ika_bohag.kalmar;ika_bohag;kalmar;4
ika_bohag.kobenhavn;ika_bohag;kobenhavn;4
ika_bohag.linkoping;ika_bohag;linkoping;4
ika_bohag.malmo;ika_bohag;malmo;4
ika_bohag.milano;ika_bohag;milano;4
ika_bohag.montpellier;ika_bohag;montpellier;4
ika_bohag.napoli;ika_bohag;napoli;4
ika_bohag.odense;ika_bohag;odense;4
ika_bohag.orebro;ika_bohag;orebro;4
ika_bohag.oslo;ika_bohag;oslo;4
ika_bohag.paris;ika_bohag;paris;4
ika_bohag.pescara;ika_bohag;pescara;4
ika_bohag.rennes;ika_bohag;rennes;4
ika_bohag.roma;ika_bohag;roma;4
ika_bohag.stavanger;ika_bohag;stavanger;4
ika_bohag.stockholm;ika_bohag;stockholm;4
ika_bohag.tampere;ika_bohag;tampere;4
ika_bohag.uppsala;ika_bohag;uppsala;4
ika_bohag.vilnius;ika_bohag;vilnius;4
ika_ru.petersburg;ika_ru;petersburg;4
ini.bologna;ini;bologna;0
ini.catania;ini;catania;0
ini.catanzaro;ini;catanzaro;0
ini.genova;ini;genova;0
ini.napoli;ini;napoli;0
ini.parma;ini;parma;0
ini.pescara;ini;pescara;0
ini.roma;ini;roma;0
ini.suzzara;ini;suzzara;0
ini.taranto;ini;taranto;0
itcc.bialystok;itcc;bialystok;3
itcc.glasgow;itcc;glasgow;3
itcc.koln;itcc;koln;3
itcc.kosice;itcc;kosice;4
itcc.liege;itcc;liege;3
itcc.linz;itcc;linz;3
itcc.luxembourg;itcc;luxembourg;3
itcc.milano;itcc;milano;0
itcc.ostrava;itcc;ostrava;3
itcc.rostock;itcc;rostock;3
itcc.sheffield;itcc;sheffield;3
itcc.szczecin;itcc;szczecin;3
kaarfor.amsterdam;kaarfor;amsterdam;3
kaarfor.bern;kaarfor;bern;3
kaarfor.budapest;kaarfor;budapest;3
kaarfor.cambridge;kaarfor;cambridge;3
kaarfor.dortmund;kaarfor;dortmund;3
kaarfor.edinburgh;kaarfor;edinburgh;3
kaarfor.frankfurt;kaarfor;frankfurt;3
kaarfor.larochelle;kaarfor;larochelle;3
kaarfor.limoges;kaarfor;limoges;3
kaarfor.lublin;kaarfor;lublin;3
kaarfor.lyon;kaarfor;lyon;3
kaarfor.montpellier;kaarfor;montpellier;3
kaarfor.munchen;kaarfor;munchen;3
kaarfor.nantes;kaarfor;nantes;3
kaarfor.nice;kaarfor;nice;3
kaarfor.ostrava;kaarfor;ostrava;3
kaarfor.poznan;kaarfor;poznan;3
kaarfor.reims;kaarfor;reims;3
kaarfor.strasbourg;kaarfor;strasbourg;3
kaarfor.swansea;kaarfor;swansea;3
kaarfor.verona;kaarfor;verona;3
kamen_ru.vyborg;kamen_ru;vyborg;3
kivi.helsinki;kivi;helsinki;3
kivi.kotka;kivi;kotka;3
kivi.riga;kivi;riga;3
kivi.tartu;kivi;tartu;3
kivi.turku;kivi;turku;3
kivi.utena;kivi;utena;3
konstnr.kobenhavn;konstnr;kobenhavn;2
konstnr.oslo;konstnr;oslo;2
konstnr.stockholm;konstnr;stockholm;2
konstnr_br.linkoping;konstnr_br;linkoping;2
konstnr_br.malmo;konstnr_br;malmo;2
konstnr_hs.helsingborg;konstnr_hs;helsingborg;2
konstnr_hs.vasteraas;konstnr_hs;vasteraas;2
konstnr_wind.esbjerg;konstnr_wind;esbjerg;3
konstnr_wind.gedser;konstnr_wind;gedser;3
konstnr_wind.linkoping;konstnr_wind;linkoping;3
ladoga.turku;ladoga;turku;6
ladoga_ru.kaliningrad;ladoga_ru;kaliningrad;6
ladoga_ru.petersburg;ladoga_ru;petersburg;6
lateds.daugavpils;lateds;daugavpils;2
lateds.valmiera;lateds;valmiera;2
libellula.ancona;libellula;ancona;3
libellula.bologna;libellula;bologna;3
libellula.livorno;libellula;livorno;3
libellula.milano;libellula;milano;3
lintukainen.kotka;lintukainen;kotka;3
lintukainen.kouvola;lintukainen;kouvola;3
lintukainen.pori;lintukainen;pori;3
lintukainen.tallinn;lintukainen;tallinn;3
lintukainen.tartu;lintukainen;tartu;3
lisette_log.bordeaux;lisette_log;bordeaux;3
lisette_log.larochelle;lisette_log;larochelle;3
lisette_log.lemans;lisette_log;lemans;3
lisette_log.nice;lisette_log;nice;3
lisette_log.paris;lisette_log;paris;3
lisette_log.rennes;lisette_log;rennes;3
lisette_log.roscoff;lisette_log;roscoff;3
lkwlog.amsterdam;lkwlog;amsterdam;6
lkwlog.brno;lkwlog;brno;6
lkwlog.calais;lkwlog;calais;6
lkwlog.dover;lkwlog;dover;6
lkwlog.duisburg;lkwlog;duisburg;6
lkwlog.felixstowe;lkwlog;felixstowe;6
lkwlog.gdansk;lkwlog;gdansk;6
lkwlog.graz;lkwlog;graz;6
lkwlog.hamburg;lkwlog;hamburg;6
lkwlog.kosice;lkwlog;kosice;6
lkwlog.lodz;lkwlog;lodz;6
lkwlog.lublin;lkwlog;lublin;6
lkwlog.luxembourg;lkwlog;luxembourg;6
lkwlog.manchester;lkwlog;manchester;6
lkwlog.stuttgart;lkwlog;stuttgart;6
lkwlog.szeged;lkwlog;szeged;6
lkwlog.venezia;lkwlog;venezia;6
lvr.daugavpils;lvr;daugavpils;7
lvr.riga;lvr;riga;7
marina.esbjerg;marina;esbjerg;1
marina.oslo;marina;oslo;1
marina.stockholm;marina;stockholm;1
marina_fr.brest;marina_fr;brest;1
marina_fr.larochelle;marina_fr;larochelle;1
marina_fr.marseille;marina_fr;marseille;1
marina_it.ancona;marina_it;ancona;1
marina_it.bari;marina_it;bari;1
marina_it.cagliari;marina_it;cagliari;1
marina_it.catania;marina_it;catania;1
marina_it.genova;marina_it;genova;1
marina_it.helsinki;marina_it;helsinki;1
marina_it.klaipeda;marina_it;klaipeda;1
marina_it.napoli;marina_it;napoli;1
marina_it.olbia;marina_it;olbia;1
marina_it.parnu;marina_it;parnu;1
marina_it.riga;marina_it;riga;1
marina_it.tallinn;marina_it;tallinn;1
marina_it.taranto;marina_it;taranto;1
marmo.firenze;marmo;firenze;2
marmo.livorno;marmo;livorno;2
marmo.olbia;marmo;olbia;2
marmo.palermo;marmo;palermo;2
marmo.sassari;marmo;sassari;2
ms_stein.kristiansand;ms_stein;kristiansand;3
ms_stein.oslo;ms_stein;oslo;4
ms_stein.stavanger;ms_stein;stavanger;5
mvm_carriere.bordeaux;mvm_carriere;bordeaux;4
mvm_carriere.lemans;mvm_carriere;lemans;4
mvm_carriere.limoges;mvm_carriere;limoges;5
mvm_carriere.montpellier;mvm_carriere;montpellier;3
mvm_carriere.nice;mvm_carriere;nice;3
nbfc.aberdeen;nbfc;aberdeen;4
nbfc.berlin;nbfc;berlin;4
nbfc.budapest;nbfc;budapest;4
nbfc.calais;nbfc;calais;4
nbfc.duisburg;nbfc;duisburg;4
nbfc.linz;nbfc;linz;4
nbfc.liverpool;nbfc;liverpool;4
nbfc.london;nbfc;london;4
nbfc.ostrava;nbfc;ostrava;4
nch.kouvola;nch;kouvola;3
nch.riga;nch;riga;3
nch.tallinn;nch;tallinn;3
nch.turku;nch;turku;3
nch.vilnius;nch;vilnius;3
nch_ru.petersburg;nch_ru;petersburg;3
nord_crown.aalborg;nord_crown;aalborg;4
nord_crown.bergen;nord_crown;bergen;4
nord_crown.odense;nord_crown;odense;4
nord_crown.orebro;nord_crown;orebro;4
nord_crown.stavanger;nord_crown;stavanger;4
nord_sten.jonkoping;nord_sten;jonkoping;4
nord_sten.kalmar;nord_sten;kalmar;3
nord_sten.linkoping;nord_sten;linkoping;5
nord_sten.vaxjo;nord_sten;vaxjo;3
norr_food.helsingborg;norr_food;helsingborg;1
norr_food.jonkoping;norr_food;jonkoping;2
norr_food.kalmar;norr_food;kalmar;2
norr_food.karlskrona;norr_food;karlskrona;1
norr_food.kobenhavn;norr_food;kobenhavn;2
norr_food.linkoping;norr_food;linkoping;1
norr_food.odense;norr_food;odense;1
norr_food.oslo;norr_food;oslo;1
norr_food.stockholm;norr_food;stockholm;2
norr_food.uppsala;norr_food;uppsala;1
norr_food.vasteraas;norr_food;vasteraas;2
norr_food.vaxjo;norr_food;vaxjo;1
norrsken.aalborg;norrsken;aalborg;5
norrsken.goteborg;norrsken;goteborg;5
norrsken.karlskrona;norrsken;karlskrona;5
norrsken.malmo;norrsken;malmo;5
norrsken.orebro;norrsken;orebro;5
norrsken.stockholm;norrsken;stockholm;5
nos_pat_brg.bourges;nos_pat_brg;bourges;5
nos_pat_cf.clermont;nos_pat_cf;clermont;5
nos_pat_lhv.lehavre;nos_pat_lhv;lehavre;5
nosko.klaipeda;nosko;klaipeda;2
nosko.utena;nosko;utena;2
nosko.vilnius;nosko;vilnius;2
ns_chem.kaunas;ns_chem;kaunas;4
ns_chem.kristiansand;ns_chem;kristiansand;2
ns_chem.malmo;ns_chem;malmo;2
ns_chem.pori;ns_chem;pori;4
ns_chem.riga;ns_chem;riga;4
ns_chem.stockholm;ns_chem;stockholm;2
ns_chem_ru.luga;ns_chem_ru;luga;4
ns_oil.aalborg;ns_oil;aalborg;2
ns_oil.daugavpils;ns_oil;daugavpils;5
ns_oil.goteborg;ns_oil;goteborg;2
ns_oil.kalmar;ns_oil;kalmar;2
ns_oil.klaipeda;ns_oil;klaipeda;5
ns_oil.kotka;ns_oil;kotka;5
ns_oil.oslo;ns_oil;oslo;2
ns_oil.paldiski;ns_oil;paldiski;5
ns_oil.stavanger;ns_oil;stavanger;2
ns_oil.tallinn;ns_oil;tallinn;5
ns_oil.valmiera;ns_oil;valmiera;5
ns_oil.ventspils;ns_oil;ventspils;5
ns_oil_ru.kaliningrad;ns_oil_ru;kaliningrad;5
ns_oil_ru.pskov;ns_oil_ru;pskov;5
nucleon.alban;nucleon;alban;3
nucleon.civaux;nucleon;civaux;3
nucleon.golfech;nucleon;golfech;3
nucleon.laurent;nucleon;laurent;3
nucleon.paluel;nucleon;paluel;3
onnelik.narva;onnelik;narva;1
onnelik.parnu;onnelik;parnu;1
onnelik_a.parnu;onnelik_a;parnu;4
onnelik_a.tartu;onnelik_a;tartu;4
piac.bologna;piac;bologna;6
piac.cassino;piac;cassino;6
piac.napoli;piac;napoli;6
piac.parma;piac;parma;6
pk_medved_ru.kaliningrad;pk_medved_ru;kaliningrad;2
pk_medved_ru.petersburg;pk_medved_ru;petersburg;2
polar_fish.aalborg;polar_fish;aalborg;2
polar_fish.bergen;polar_fish;bergen;2
polar_fish.goteborg;polar_fish;goteborg;2
polar_fish.stavanger;polar_fish;stavanger;2
polarislines.bergen;polarislines;bergen;5
polarislines.esbjerg;polarislines;esbjerg;4
polarislines.frederikshv;polarislines;frederikshv;4
polarislines.gedser;polarislines;gedser;4
polarislines.goteborg;polarislines;goteborg;4
polarislines.helsinki;polarislines;helsinki;4
polarislines.hirtshals;polarislines;hirtshals;4
polarislines.kapellskar;polarislines;kapellskar;2
polarislines.karlskrona;polarislines;karlskrona;4
polarislines.kristiansand;polarislines;kristiansand;4
polarislines.liepaja;polarislines;liepaja;4
polarislines.naantali;polarislines;naantali;4
polarislines.nynashamn;polarislines;nynashamn;4
polarislines.oslo;polarislines;oslo;3
polarislines.paldiski;polarislines;paldiski;4
polarislines.stavanger;polarislines;stavanger;4
polarislines.tallinn;polarislines;tallinn;4
polarislines.travemunde;polarislines;travemunde;1
polarislines.trelleborg;polarislines;trelleborg;4
polarislines.ventspils;polarislines;ventspils;4
posped.birmingham;posped;birmingham;3
posped.bratislava;posped;bratislava;3
posped.bremen;posped;bremen;3
posped.bystrica;posped;bystrica;3
posped.carlisle;posped;carlisle;3
posped.geneve;posped;geneve;3
posped.graz;posped;graz;3
posped.katowice;posped;katowice;3
posped.kiel;posped;kiel;3
posped.koln;posped;koln;3
posped.linz;posped;linz;3
posped.lodz;posped;lodz;3
posped.london;posped;london;3
posped.lublin;posped;lublin;3
posped.metz;posped;metz;3
posped.rotterdam;posped;rotterdam;3
posped.strasbourg;posped;strasbourg;3
posped.swansea;posped;swansea;3
posped.szeged;posped;szeged;3
posped.verona;posped;verona;3
posped.warszawa;posped;warszawa;3
posped.zurich;posped;zurich;3
pp_chimica.bologna;pp_chimica;bologna;2
pp_chimica.olbia;pp_chimica;olbia;2
pp_chimica.roma;pp_chimica;roma;2
pp_chimica.terni;pp_chimica;terni;2
quadrelli.bari;quadrelli;bari;3
quadrelli.catania;quadrelli;catania;3
quadrelli.pescara;quadrelli;pescara;3
quarry.cardiff;quarry;cardiff;4
quarry.dortmund;quarry;dortmund;4
quarry.glasgow;quarry;glasgow;4
quarry.hannover;quarry;hannover;4
quarry.katowice;quarry;katowice;4
quarry.lyon;quarry;lyon;4
quarry.prague;quarry;prague;4
quarry.reims;quarry;reims;4
quarry.salzburg;quarry;salzburg;4
quarry.sheffield;quarry;sheffield;4
quarry.strasbourg;quarry;strasbourg;4
quarry.stuttgart;quarry;stuttgart;4
quarry.wroclaw;quarry;wroclaw;4
radus.kouvola;radus;kouvola;4
radus.tampere;radus;tampere;4
radus.tartu;radus;tartu;4
radus_ru.petersburg;radus_ru;petersburg;4
renar.kobenhavn;renar;kobenhavn;3
renar.kotka;renar;kotka;4
renar.lahti;renar;lahti;4
renar.narva;renar;narva;4
renar.oslo;renar;oslo;3
renar.parnu;renar;parnu;4
renar.stavanger;renar;stavanger;3
renar.tallinn;renar;tallinn;4
renar.tampere;renar;tampere;4
renar.turku;renar;turku;4
renar.vasteraas;renar;vasteraas;3
renar.vaxjo;renar;vaxjo;3
renat.daugavpils;renat;daugavpils;4
renat.helsinki;renat;helsinki;4
renat.rezekne;renat;rezekne;4
renat.riga;renat;riga;4
renat.siauliai;renat;siauliai;4
renat.tartu;renat;tartu;4
rosmark.liepaja;rosmark;liepaja;5
rosmark.rezekne;rosmark;rezekne;5
rosmark.riga;rosmark;riga;5
rosmark_ru.kaliningrad;rosmark_ru;kaliningrad;5
rosmark_ru.luga;rosmark_ru;luga;5
rosmark_ru.vyborg;rosmark_ru;vyborg;5
sag_tre.goteborg;sag_tre;goteborg;3
sag_tre.linkoping;sag_tre;linkoping;3
sag_tre.oslo;sag_tre;oslo;3
sal.livorno;sal;livorno;3
sal.pescara;sal;pescara;3
sal.sassari;sal;sassari;3
sal.terni;sal;terni;3
sal_fi.helsinki;sal_fi;helsinki;5
sal_fi.kouvola;sal_fi;kouvola;5
sal_fi.pori;sal_fi;pori;5
sanbuilders.berlin;sanbuilders;berlin;3
sanbuilders.birmingham;sanbuilders;birmingham;3
sanbuilders.brno;sanbuilders;brno;2
sanbuilders.debrecen;sanbuilders;debrecen;2
sanbuilders.edinburgh;sanbuilders;edinburgh;3
sanbuilders.erfurt;sanbuilders;erfurt;3
sanbuilders.gdansk;sanbuilders;gdansk;2
sanbuilders.hamburg;sanbuilders;hamburg;3
sanbuilders.krakow;sanbuilders;krakow;2
sanbuilders.london;sanbuilders;london;3
sanbuilders.luxembourg;sanbuilders;luxembourg;3
sanbuilders.lyon;sanbuilders;lyon;3
sanbuilders.milano;sanbuilders;milano;0
sanbuilders.newcastle;sanbuilders;newcastle;3
sanbuilders.nurnberg;sanbuilders;nurnberg;3
sanbuilders.rotterdam;sanbuilders;rotterdam;3
sanbuilders.salzburg;sanbuilders;salzburg;3
sanbuilders.warszawa;sanbuilders;warszawa;2
scania_dlr.hannover;scania_dlr;hannover;2
scania_dlr.manchester;scania_dlr;manchester;2
scania_dlr.milano;scania_dlr;milano;0
scania_dlr.stockholm;scania_dlr;stockholm;2
scania_dlr.tallinn;scania_dlr;tallinn;0
scania_fac.sodertalje;scania_fac;sodertalje;3
sellplan.dresden;sellplan;dresden;3
sellplan.geneve;sellplan;geneve;3
sellplan.groningen;sellplan;groningen;3
sellplan.klagenfurt;sellplan;klagenfurt;3
sellplan.kosice;sellplan;kosice;3
sellplan.lodz;sellplan;lodz;3
sellplan.london;sellplan;london;3
sellplan.magdeburg;sellplan;magdeburg;3
sellplan.newcastle;sellplan;newcastle;3
sellplan.olsztyn;sellplan;olsztyn;3
sellplan.osnabruck;sellplan;osnabruck;3
sellplan.prague;sellplan;prague;3
sellplan.rostock;sellplan;rostock;3
sellplan.sheffield;sellplan;sheffield;3
sellplan.southampton;sellplan;southampton;3
sellplan.torino;sellplan;torino;3
sellplan.venezia;sellplan;venezia;3
sellplan.wien;sellplan;wien;3
severoatm_ru.sosnovy_bor;severoatm_ru;sosnovy_bor;3
skoda.prague;skoda;prague;1
spinelli.cassino;spinelli;cassino;4
spinelli.milano;spinelli;milano;4
spinelli.parma;spinelli;parma;4
stokes.aberdeen;stokes;aberdeen;4
stokes.amsterdam;stokes;amsterdam;4
stokes.bystrica;stokes;bystrica;4
stokes.calais;stokes;calais;4
stokes.cardiff;stokes;cardiff;4
stokes.dijon;stokes;dijon;4
stokes.dusseldorf;stokes;dusseldorf;4
stokes.katowice;stokes;katowice;4
stokes.kiel;stokes;kiel;4
stokes.liege;stokes;liege;4
stokes.nurnberg;stokes;nurnberg;4
stokes.plymouth;stokes;plymouth;4
stokes.poznan;stokes;poznan;4
stokes.warszawa;stokes;warszawa;4
stokes.wien;stokes;wien;4
stokes.zurich;stokes;zurich;4
subse.brest;subse;brest;4
subse.clermont;subse;clermont;4
subse.nantes;subse;nantes;4
suprema.kaunas;suprema;kaunas;3
suprema.lahti;suprema;lahti;3
suprema.panevezys;suprema;panevezys;3
suprema.parnu;suprema;parnu;3
suprema.rezekne;suprema;rezekne;3
suprema.tampere;suprema;tampere;3
suprema.tartu;suprema;tartu;3
suprema_ru.kaliningrad;suprema_ru;kaliningrad;3
suprema_ru.pskov;suprema_ru;pskov;3
te_logistica.cagliari;te_logistica;cagliari;6
te_logistica.firenze;te_logistica;firenze;6
te_logistica.messina;te_logistica;messina;6
te_logistica.napoli;te_logistica;napoli;6
te_logistica.parma;te_logistica;parma;6
te_logistica.sassari;te_logistica;sassari;6
tesore_gust.firenze;tesore_gust;firenze;2
tesore_gust.milano;tesore_gust;milano;2
tesore_gust.napoli;tesore_gust;napoli;2
tesore_gust.parma;tesore_gust;parma;2
tesore_gust.roma;tesore_gust;roma;2
tradeaux.brest;tradeaux;brest;5
tradeaux.budapest;tradeaux;budapest;4
tradeaux.clermont;tradeaux;clermont;5
tradeaux.felixstowe;tradeaux;felixstowe;4
tradeaux.frankfurt;tradeaux;frankfurt;4
tradeaux.geneve;tradeaux;geneve;4
tradeaux.grimsby;tradeaux;grimsby;4
tradeaux.hannover;tradeaux;hannover;4
tradeaux.kassel;tradeaux;kassel;4
tradeaux.klagenfurt;tradeaux;klagenfurt;4
tradeaux.krakow;tradeaux;krakow;4
tradeaux.lille;tradeaux;lille;4
tradeaux.lyon;tradeaux;lyon;4
tradeaux.nice;tradeaux;nice;5
tradeaux.olsztyn;tradeaux;olsztyn;4
tradeaux.paris;tradeaux;paris;5
tradeaux.pecs;tradeaux;pecs;4
tradeaux.prague;tradeaux;prague;4
tradeaux.rostock;tradeaux;rostock;4
tradeaux.toulouse;tradeaux;toulouse;5
trameri.amsterdam;trameri;amsterdam;3
trameri.brno;trameri;brno;3
trameri.budapest;trameri;budapest;3
trameri.carlisle;trameri;carlisle;3
trameri.dresden;trameri;dresden;3
trameri.hannover;trameri;hannover;3
trameri.innsbruck;trameri;innsbruck;3
trameri.klagenfurt;trameri;klagenfurt;3
trameri.krakow;trameri;krakow;3
trameri.lille;trameri;lille;3
trameri.liverpool;trameri;liverpool;3
trameri.lyon;trameri;lyon;3
trameri.mannheim;trameri;mannheim;3
trameri.nurnberg;trameri;nurnberg;3
trameri.plymouth;trameri;plymouth;3
trameri.strasbourg;trameri;strasbourg;3
trameri.swansea;trameri;swansea;3
trameri.szeged;trameri;szeged;3
trameri.warszawa;trameri;warszawa;6
trameri.wroclaw;trameri;wroclaw;3
transinet.bialystok;transinet;bialystok;4
transinet.brussel;transinet;brussel;4
transinet.cambridge;transinet;cambridge;4
transinet.debrecen;transinet;debrecen;4
transinet.dortmund;transinet;dortmund;4
transinet.dresden;transinet;dresden;4
transinet.hamburg;transinet;hamburg;4
transinet.mannheim;transinet;mannheim;4
transinet.milano;transinet;milano;0
transinet.osnabruck;transinet;osnabruck;4
transinet.ostrava;transinet;ostrava;4
transinet.rotterdam;transinet;rotterdam;4
transinet.salzburg;transinet;salzburg;4
transinet.sheffield;transinet;sheffield;4
transinet.southampton;transinet;southampton;4
transinet.szczecin;transinet;szczecin;4
transinet.torino;transinet;torino;4
tras_med.bari;tras_med;bari;4
tras_med.cagliari;tras_med;cagliari;4
tras_med.catania;tras_med;catania;4
tras_med.genova;tras_med;genova;4
tras_med.roma;tras_med;roma;4
tree_et.aberdeen;tree_et;aberdeen;7
tree_et.bialystok;tree_et;bialystok;7
tree_et.birmingham;tree_et;birmingham;7
tree_et.bratislava;tree_et;bratislava;7
tree_et.bystrica;tree_et;bystrica;7
tree_et.dortmund;tree_et;dortmund;7
tree_et.felixstowe;tree_et;felixstowe;7
tree_et.frankfurt;tree_et;frankfurt;7
tree_et.geneve;tree_et;geneve;7
tree_et.graz;tree_et;graz;7
tree_et.hannover;tree_et;hannover;7
tree_et.innsbruck;tree_et;innsbruck;7
tree_et.katowice;tree_et;katowice;7
tree_et.leipzig;tree_et;leipzig;7
tree_et.liege;tree_et;liege;7
tree_et.manchester;tree_et;manchester;7
tree_et.metz;tree_et;metz;7
tree_et.milano;tree_et;milano;0
tree_et.olsztyn;tree_et;olsztyn;7
tree_et.poznan;tree_et;poznan;7
tree_et.southampton;tree_et;southampton;7
tree_et.stuttgart;tree_et;stuttgart;7
tree_et.zurich;tree_et;zurich;7
ukko.loviisa;ukko;loviisa;3
ukko.olkiluoto;ukko;olkiluoto;3
viljo_paper.kouvola;viljo_paper;kouvola;4
viljo_paper.tampere;viljo_paper;tampere;4
viln_paper.vilnius;viln_paper;vilnius;4
vitas_pwr.aalborg;vitas_pwr;aalborg;3
vitas_pwr.esbjerg;vitas_pwr;esbjerg;3
vitas_pwr.taranto;vitas_pwr;taranto;3
voitureux.lehavre;voitureux;lehavre;6
voitureux.paris;voitureux;paris;6
voitureux.rennes;voitureux;rennes;6
volvo_dlr.goteborg;volvo_dlr;goteborg;2
volvo_dlr.limoges;volvo_dlr;limoges;0
volvo_dlr.london;volvo_dlr;london;2
volvo_dlr.luxembourg;volvo_dlr;luxembourg;2
volvo_dlr.napoli;volvo_dlr;napoli;0
volvo_dlr.vilnius;volvo_dlr;vilnius;0
volvo_fac.goteborg;volvo_fac;goteborg;3
vpc.goteborg;vpc;goteborg;1
wgcc.bratislava;wgcc;bratislava;4
wgcc.frankfurt;wgcc;frankfurt;4
wgcc.gdansk;wgcc;gdansk;4
wgcc.glasgow;wgcc;glasgow;4
wgcc.grimsby;wgcc;grimsby;4
wgcc.manchester;wgcc;manchester;4
wgcc.munchen;wgcc;munchen;4
wgcc.rotterdam;wgcc;rotterdam;4
wgcc.strasbourg;wgcc;strasbourg;4
wilnet_trans.lemans;wilnet_trans;lemans;7
wilnet_trans.limoges;wilnet_trans;limoges;7
wilnet_trans.marseille;wilnet_trans;marseille;7
wilnet_trans.nantes;wilnet_trans;nantes;7
wilnet_trans.toulouse;wilnet_trans;toulouse;7
zelenye.petersburg;zelenye;petersburg;1
zelenye_a.kaliningrad;zelenye_a;kaliningrad;4
